<?xml version="1.0" encoding="UTF-8"?>

<!DOCTYPE mapper
    PUBLIC "-//mybatis.org//DTD Mapper 3.0//EN"
    "http://mybatis.org/dtd/mybatis-3-mapper.dtd">

<mapper namespace="com.tech.PlamingGo.dao.JoinDao">
	<!-- 1. mapper namespace = dao패키지의 DramaDao 클래스 접속 2. id = 메소드 이름 / dao 
		패키지의 인터페이스 DramaDao.java의 메소드 이름 = DramaDao.xml의 id 3. ArrayList타입의 <BoardDto>가 
		resultType에 속하게 됨 ... BoardDto는 .dto 패키지에 속하는 클래스 (왜 resultType을 ArrayList가 
		아닌 BoardDto로 두는가? → BoardDto만 열어서 가져와도 알아서 mybatis에 의해서 id가 list인 메소드 안의 
		sql문을 가져와서 실행한다.) 4. BoardDao클래스에서 ArrayList<BoardDto> list()의 sql문은 select이다. 
		5. <select></selct>안에는 해당 sql문장이 들어오고, 모두 대문자로 바꿔줌 ※ resultType은 return받는 
		타입이 void가 아닌 필드를 가진 곳에서 사용..! -->
	<!-- 회원가입 -->
	
	

	<insert id="register">
    INSERT INTO PG_USER VALUES(
    USER_CODE_SEQ.NEXTVAL,
    #{param1},
    #{param2},
    #{param3},
    #{param4},
    #{param5},
    #{param6},
    #{param7},
    SYSDATE,
     '베이직',
     0
    )
    </insert>
 
    <select id="login" resultType="com.tech.PlamingGo.dto.JoinDto">
    SELECT USER_ID, USER_PASS FROM PG_USER WHERE
     USER_ID={param1} AND 
     USER_PASS=#{param2}
    </select>

</mapper>
	